rank,name,handle,subType,igFollowers,ttFollowers,creatorPosts,creatorPostsIg,creatorPostsTt,creatorViews,uniqueCreators,viewsPerPost,engagementPerPost,viewsPerFollower,adsLive,adsOver30d,adsOver60d,pctVideoAds,pctUgcAds,band,shareOfCategoryViews
1,Legion,legion,,288271,74300,151,77,74,13697297,75,90710,1295,2.01,252,98,0,56.9,,top 10%,16.32
2,Alani Nu,alaninutrition,,1493527,1000000,500,295,205,12550615,330,25101,3219,0.35,0,0,0,,,top 10%,14.95
3,Garden of Life,gardenoflife,,209555,,4,4,0,7029192,4,1757298,939,10.34,3,10,0,46.2,0.0,top 10%,8.37
4,Quest Nutrition,questnutrition,,1137177,501900,71,46,25,4879096,61,68719,1137,0.41,48,0,0,72.4,,top 10%,5.81
5,TRU Bar,trubar.brands,,90877,,26,26,0,4854573,22,186714,2561,2.58,5,2,0,33.3,,top 10%,5.78
6,fairlife,fairlife,,,,99,99,0,4310729,80,43542,1157,0.68,0,0,0,,,top 10%,5.14
7,Muscle Milk,musclemilk,,,2739,5,2,3,3846803,4,769360,9641,0.79,55,0,0,96.1,,top 10%,4.58
8,Myprotein,myprotein,,1202719,696000,152,84,68,3618927,86,23808,840,0.34,179,106,86,39.0,0.0,top 10%,4.31
9,Everyday Dose,everydaydose,,335674,21400,27,20,7,2749525,21,101834,3396,0.56,25,16,8,76.7,,top 10%,3.28
10,Humantra,humantra,,202674,8640,39,36,3,2679958,32,68716,461,0.78,465,172,55,29.9,,top 25%,3.19
11,Protein Works,proteinworks,,264902,106900,74,58,16,2419185,30,32691,253,2.5,230,360,205,14.9,,top 25%,2.88
12,David Protein,davidprotein,,116676,27600,63,55,8,1742081,44,27652,3191,0.94,30,46,40,40.0,,top 25%,2.08
13,Jocko Fuel,jockofuel,,258321,127300,41,37,4,1608553,22,39233,3625,0.5,0,0,0,,,top 25%,1.92
14,Clean Simple Eats,cleansimpleeats,,587391,146600,55,43,12,1428724,42,25976,1032,0.27,0,0,0,,,top 25%,1.7
15,Slate,slatemilk,,,18900,55,51,4,1087289,49,19768,1666,0.36,11,7,5,70.0,100.0,top 25%,1.3
16,Orgain,drinkorgain,,241144,,53,53,0,1070773,45,20203,2163,0.39,20,23,3,60.0,100.0,top 25%,1.28
17,Ghost,ghostlifestyle,,552902,174800,77,46,31,1069796,43,13893,822,0.18,0,0,0,,,top 25%,1.27
18,Transparent Labs,transparentlabs,,215780,,39,39,0,885237,23,22698,1047,0.18,0,0,0,,,top 25%,1.05
19,Premier Protein,premierprotein,,240278,182400,38,30,8,780464,33,20538,868,0.12,17,16,5,42.9,0.0,top 25%,0.93
20,RXBAR,rxbar,,241138,41300,19,15,4,770374,18,40546,1246,0.25,33,40,0,100.0,,top 25%,0.92
21,Lucky Energy,luckyenergyofficial,,84689,,22,22,0,680866,18,30948,289,0.11,28,0,0,60.6,,top 25%,0.81
22,Free Soul,freesoul,,245569,143800,118,99,19,633860,71,5371,466,0.38,0,0,0,,,top 25%,0.76
23,Fairlife Core Power,corepower,,57033,,12,12,0,615369,10,51280,728,0.54,25,0,0,100.0,,top 25%,0.73
24,Bucked Up,buckedup,,719830,,23,23,0,584313,14,25404,396,0.37,59,17,9,26.9,0.0,top 25%,0.7
25,Optimum Nutrition,optimumnutrition,,661452,,12,12,0,583409,10,48617,1079,0.55,0,0,0,,,top half,0.7
26,GoMacro,gomacro,,185164,14600,27,25,2,539609,23,19985,1127,0.33,0,0,0,,,top half,0.64
27,1st Phorm,1stphorm,,1542013,413700,115,99,16,524108,56,4557,247,0.13,0,0,0,,,top half,0.62
28,Barebells,barebells,,264133,234300,29,16,13,500938,27,17273,896,0.13,0,0,0,,,top half,0.6
29,Perfect Bar,perfectbar,,224203,21300,33,24,9,494662,29,14989,1057,0.12,42,100,76,57.0,,top half,0.59
30,Magic Mind,magicmind,,280831,6367,34,33,1,486594,23,14311,187,0.69,0,0,0,,,top half,0.58
31,Naked Nutrition,nakednutrition,,118481,5225,39,31,8,467862,29,11996,358,0.17,197,470,398,53.8,,top half,0.56
32,SEEQ,seeqsupply,,85672,171600,12,10,2,466306,12,38858,679,0.39,73,87,40,65.4,0.0,top half,0.56
33,RYZE,ryzesuperfoods,,1413797,,69,69,0,436013,65,6319,204,0.18,483,310,227,63.4,0.0,top half,0.52
34,Huel,huel,,484548,120800,38,31,7,382276,31,10059,1053,0.04,202,274,165,45.0,,top half,0.46
35,Nurri,drinknurri,,32398,,33,33,0,350205,23,10612,258,0.14,0,0,0,,,top half,0.42
36,MUD/WTR,drinkmudwtr,,382165,,18,18,0,327713,17,18206,341,0.09,89,9,0,62.9,,top half,0.39
37,Form Nutrition,formnutrition,,100518,4478,13,12,1,323305,9,24869,646,0.18,0,0,0,,,top half,0.39
38,Bulk,bulk,,413891,364600,35,7,28,320340,14,9152,586,1.06,313,362,196,47.3,0.0,top half,0.38
39,Javvy,javvycoffee,,237191,344100,50,37,13,261672,44,5233,225,0.09,511,328,68,69.4,,top half,0.31
40,TRIP,trip.drinks,,205653,61000,91,76,15,244703,84,2689,538,0.09,289,137,49,35.3,0.0,top half,0.29
41,Vital Proteins,vitalproteins,,874086,56500,37,25,12,230193,36,6221,684,0.1,19,38,34,96.0,66.7,top half,0.27
42,Elmhurst,elmhurst1925,,65124,1549,28,21,7,216772,22,7741,470,0.12,0,0,0,,,top half,0.26
43,Hiyo,drinkhiyo,,90101,31000,28,26,2,174182,21,6220,122,0.12,10,0,0,50.0,,top half,0.21
44,ALOHA,alohamoment,,115212,10900,19,14,5,139237,15,7328,249,0.17,0,0,0,,,top half,0.17
45,Applied Nutrition,appliednutrition,,181499,,18,18,0,109715,15,6095,250,0.2,3,0,0,16.7,,top half,0.13
46,Spacegoods,spacegoods,,113665,42100,12,10,2,102341,11,8528,194,0.11,243,54,5,59.2,,top half,0.12
47,Pioneer Pastures,pioneer.pastures,,13676,474,7,3,4,77788,4,11112,3013,0.04,0,0,0,,,top half,0.09
48,Chike,ilikechike,,53581,33100,11,11,0,69369,9,6306,137,0.52,20,46,37,90.7,100.0,top half,0.08
49,Iconic Protein,drinkiconic,,,,1,1,0,68140,1,68140,5307,0.49,4,2,0,44.4,0.0,bottom half,0.08
50,a2 Milk,a2milkusa,,46481,,2,2,0,66081,2,33040,256,0.16,7,6,0,70.0,0.0,bottom half,0.08
51,OWYN,liveowyn,,90055,8221,10,10,0,47401,9,4740,133,0.18,14,0,0,36.8,,bottom half,0.06
52,Frog Fuel,frogfuelactual,,76139,12500,7,4,3,41690,6,5955,367,0.13,0,0,0,,,bottom half,0.05
53,Koia,drinkkoia,,119556,,24,24,0,39045,20,1626,491,0.13,0,0,0,,,bottom half,0.05
54,Momentous,live.momentous,,154564,,11,11,0,30571,6,2779,2891,0.21,0,0,0,,,bottom half,0.04
55,Laird Superfood,lairdsuperfood,,373859,146000,13,12,1,27347,13,2103,193,0.11,13,21,0,43.2,33.3,bottom half,0.03
56,ZOA Energy,zoaenergy,,333436,,5,3,2,24243,5,4848,188,0.11,16,0,0,100.0,,bottom half,0.03
57,PRÉS,drinkpres,,3179,,18,18,0,20795,17,1155,225,0.16,0,0,0,,,bottom half,0.02
58,Rheal,rhealsuperfoods,,293005,80000,17,16,1,18787,7,1105,338,0.13,105,2,0,48.1,50.0,bottom half,0.02
59,Power Crunch,powercrunch,,43839,37400,6,4,2,16953,5,2825,80,0.27,11,8,0,46.4,,bottom half,0.02
60,Ascent,ascent_protein,,71580,,8,8,0,16796,8,2099,258,0.1,0,0,0,,,bottom half,0.02
61,UFIT,ufitdrinks,,19483,,4,4,0,15504,4,3876,93,0.16,4,1,0,16.7,,bottom half,0.02
62,Misfits,eatmisfits,,106040,,14,14,0,12568,14,897,115,0.07,0,0,0,,,bottom half,0.01
63,Tenzing,tenzing,,39032,0,14,14,0,12129,9,866,22,0.07,61,14,9,40.0,,bottom half,0.01
64,London Nootropics,london.nootropics,,57889,6472,9,9,0,10148,8,1127,178,0.04,84,127,1,78.1,33.3,bottom half,0.01
65,Grenade,grenadeofficial,,257875,,4,4,0,9523,4,2380,473,1.83,13,0,0,41.2,,bottom half,0.01
66,DIRTEA,dirteaworld,,384234,331000,11,10,1,6424,10,584,930,0.03,0,0,0,,,bottom half,0.01
67,Throne Sport Coffee,sportcoffee,,27289,,3,3,0,5404,3,1801,679,0.3,5,5,0,0.0,,bottom half,0.01
68,Jot,jot,,58282,,1,1,0,5387,1,5387,252,0.31,0,0,0,,,bottom half,0.01
69,MaxiNutrition,maxinutrition_uk,,56039,214,1,1,0,4998,1,4998,108,1.0,4,6,6,87.5,,bottom half,0.01
70,Ripple,ripplefoods,,82020,,2,2,0,4853,2,2426,2504,0.08,0,0,0,,,bottom half,0.01
71,Four Sigmatic,foursigmatic,,299304,12600,4,4,0,4345,4,1086,844,0.17,27,2,0,30.0,0.0,bottom half,0.01
72,Purition,puritionuk,,46417,,4,4,0,3961,3,990,61,0.18,17,34,29,93.2,33.3,bottom half,0.0
73,Trek,eattrek,,20643,,6,6,0,1989,6,331,333,0.01,0,0,0,,,bottom half,0.0
74,Fulfil Nutrition,fulfil_nutrition,,67423,43300,2,1,1,1768,2,884,259,0.13,0,0,0,,,bottom half,0.0
75,Isopure,isopurecompany,,,3491,1,0,1,217,1,217,15,0.0,0,0,0,,,bottom half,0.0
76,Lifecykel,lifecykel,,426744,,0,0,0,0,0,,,,19,42,33,73.3,33.3,bottom half,0.0
77,ONE Brands,one1brands,,142419,12600,9,9,0,0,1,0,58,,0,0,0,,,bottom half,0.0
78,Super Coffee,drinksupercoffee,,108926,57900,1,1,0,0,1,0,1111,,0,0,0,,,bottom half,0.0
79,Clevr Blends,clevrblends,,107144,7563,1,1,0,0,1,0,188,,58,46,18,68.2,66.7,bottom half,0.0
80,PhD Nutrition,phdnutrition,,92945,,0,0,0,0,0,,,,0,0,0,,,bottom half,0.0
81,USN,usnuk,,85041,,0,0,0,0,0,,,,0,0,0,,,bottom half,0.0
82,Rasa,wearerasa,,57158,1991,0,0,0,0,0,,,,9,4,0,62.5,,bottom half,0.0
83,Clean Cause,cleancause,,46969,63800,0,0,0,0,0,,,,1,0,0,0.0,,bottom half,0.0
84,Teeccino,teeccino,,45807,1618,3,3,0,0,2,0,409,,48,29,11,21.5,33.3,bottom half,0.0
85,Pulsin,pulsinhq,,26673,,0,0,0,0,0,,,,0,0,0,,,bottom half,0.0
86,Cheerful Buddha,cheerful_buddha,,13114,,0,0,0,0,0,,,,0,0,0,,,bottom half,0.0
87,Evolve,drinkevolve,,11636,,0,0,0,0,0,,,,0,0,0,,,bottom half,0.0
88,Wunderground,wundergroundcoffee,,11271,1173,1,1,0,0,1,0,57,,8,0,0,40.0,,bottom half,0.0
89,CLICK,drinkclick,,10523,,0,0,0,0,0,,,,0,0,0,,,bottom half,0.0
90,brüst,brustbevco,,8905,,1,1,0,0,1,0,1379,,3,0,0,100.0,,bottom half,0.0
91,Atomo Coffee,atomocoffee,,6347,186,0,0,0,0,0,,,,0,0,0,,,bottom half,0.0
92,BodyBrain Coffee,bodybraincoffee,,4425,1139,0,0,0,0,0,,,,1,0,0,100.0,,bottom half,0.0
93,Josie,drinkjosie,,3413,331,0,0,0,0,0,,,,0,0,0,,,bottom half,0.0
94,Drink Prox,drinkprox,,2654,417,0,0,0,0,0,,,,0,0,0,,,bottom half,0.0
95,Wild Calf,wildcalfcoffee,,1199,,0,0,0,0,0,,,,0,0,0,,,bottom half,0.0
96,Gorgie,drinkgorgie,,,,0,0,0,0,0,,,,0,0,0,,,bottom half,0.0
97,Om Mushroom,ommushrooms,,,,1,1,0,0,1,0,15,,0,0,0,,,bottom half,0.0
